code_HS_10,contexte_ocr,chiffres_detectes,fiabilite
3004.40.00.00,"- Containing alkaloids or derivatives thereof but not containing hormones, other products of | ie heading 29.37 or antibiotics y 3004.40.00.00 20 20 | - Other medicaments containing vitamins or other products of heading ","20,20",ocr_a_verifier
3004.50.00.00,ie heading 29.37 or antibiotics y 3004.40.00.00 20 20 | - Other medicaments containing vitamins or other products of heading 29.36 3004.50.00.00 ae ag a a a en,"20,20",ocr_a_verifier
1511.10.00.00,— ae) ] | 8 [Crude palm Oil 1511.10.00.00 18.75 28.75 = [7 o = c—,"8,7",ocr_a_verifier
1511.90.10.00,"o = c— Fraction of oil not fit for Human consumption whether or not deodorised 41511.90.10.00 ! = Ry | Margarine, excluding liquid margarine 1517.10.00.00 f=",,ocr_a_verifier
1517.10.00.00,"Fraction of oil not fit for Human consumption whether or not deodorised 41511.90.10.00 ! = Ry | Margarine, excluding liquid margarine 1517.10.00.00 f= Cane or Beet sugar: In powder, crystal or granule form 1701.91.10.00 ",,ocr_a_verifier
1701.91.10.00,"Margarine, excluding liquid margarine 1517.10.00.00 f= Cane or Beet sugar: In powder, crystal or granule form 1701.91.10.00 | eee meee [ete |",,ocr_a_verifier
3402.11.90.00,"CODES TARIFF | DUTY 2026 Organic surface -active agents (other than soap) Anionic ——Other 3402.11.90.00 Se ee 40 | Polymer of ethylene, in primary forms - polyethylene having a Specific gravity of less than 0.94 3901.10.",40,ocr_a_verifier
3901.10.00.00,"Organic surface -active agents (other than soap) Anionic ——Other 3402.11.90.00 Se ee 40 | Polymer of ethylene, in primary forms - polyethylene having a Specific gravity of less than 0.94 3901.10.00.00 CaS oes Polyetheyle",40,ocr_a_verifier
3901.20.00.00,"40 | Polymer of ethylene, in primary forms - polyethylene having a Specific gravity of less than 0.94 3901.10.00.00 CaS oes Polyetheylene having a specific gravity of 0.94 or more... 3901.20.00.00 ie EES ona 22 | Polymer","40,22",ocr_a_verifier
3902.10.00.00,"Polyetheylene having a specific gravity of 0.94 or more... 3901.20.00.00 ie EES ona 22 | Polymer of propylene or of other olefins, in primary form - polypropylene 3902.10.00.00 43 lacryic polymers in primary forms. Other","22,43",ocr_a_verifier
3906.90.00.00,"22 | Polymer of propylene or of other olefins, in primary form - polypropylene 3902.10.00.00 43 lacryic polymers in primary forms. Other 3906.90.00.00 Polyacetals, other polyethers and epoxide resins, in primary forms: p","22,43",ocr_a_verifier
3907.69.00.00,O 48 | Poly (ethylene terephthalate) Other 3907.69.00.00 s: a =,48,ocr_a_verifier
3920.10.10.00,"a si es ea Other plates, sheets, films, foil and strip, of plastic, non- cellular and not reinforced, laminated, 3920.10.10.00 Ree aa || = | | s1 Supported or similarly combined with other materials- of polymers of ethyl",1,ocr_a_verifier
3920.20.10.00,".2U, 0 a = ”“ 53 | Of polymers of polyproplene - Not printed 3920.20.10.00 a","0,53",ocr_a_verifier
3920.30.10.00,a 55 | ...Not printed 3920.30.10.00 56 | Of polymers of styrene; printed 3920.30.20.00,"55,56",ocr_a_verifier
3920.30.20.00,55 | ...Not printed 3920.30.10.00 56 | Of polymers of styrene; printed 3920.30.20.00 ...Of poly (ethylene terephthalate) 3920,"55,56",ocr_a_verifier
4805.11.00.00,"Other uncoated Paper and paperboard, in rolls or sheets, not further worked or processed - Fluting paper: Semi-chemical fluting paper 4805. 11.00.00 15 10 ee ag [rr eee] eae","15,10",ocr_a_verifier
4805.24.00.00,eS ee a 67 \restiner (recycled liner board): Weighing 150g/m* or less 4805.24.00.00 ey | i + + aw,67,ocr_a_verifier
4820.10.00.00,"te 3 70 Registers, account books, notebooks, order books receipt books, letter pads, memorandum 4820.10.00.00 40 20 be e: i pads, diaries and similar articles fe &) <=","3,70,40,20",ocr_a_verifier
4821.10.00.00,"wt — Paper or paperboard labels of all kinds, whether or not printed - Printed labels 4821.10.00.00 CS Es. ag = C3 aA 72 |Woven fabrics of cotton, containing 85 % or more by weight of cotton, weighing not more than 5208.","3,72,85,22",ocr_a_verifier
5208.51.40.00,"Paper or paperboard labels of all kinds, whether or not printed - Printed labels 4821.10.00.00 CS Es. ag = C3 aA 72 |Woven fabrics of cotton, containing 85 % or more by weight of cotton, weighing not more than 5208.51.40","3,72,85,22,2,63",ocr_a_verifier
5209.51.10.00,"200 g/m2 - Obtained by wax-based printing process i 63 Z 73 Woven fabrics of cotton, containing 85 %e or more by weight of cotton, weighing more than 5209.51.10.00 35 40 rr 3 ry 4 200 g/m2---- Obtained by wax-based print","2,63,73,85,35,40,3,4,2",ocr_a_verifier
5210.51.10.00,"Woven fabrics of cotton, containing less than 85 % by weight of cotton, mixed mainly or solely 74 |with man-made fibres, weighing not more than 200 g/m2 - --- Obtained by wax-based printing 5210.51.10.00 45 35 10 process","85,74,2,45,35,10",ocr_a_verifier
5210.51.90.00,"process --- Obtained by other printing process 5210.51.90.00 Pa ae aa 76 |\Woven fabrics of cotton, containing less than 85 % by weight of cotton, mixed mainly or solely 5211.51.10.00 35 10","76,85,35,10",ocr_a_verifier
5211.51.10.00,"--- Obtained by other printing process 5210.51.90.00 Pa ae aa 76 |\Woven fabrics of cotton, containing less than 85 % by weight of cotton, mixed mainly or solely 5211.51.10.00 35 10 with man-made fibres, weighing more th","76,85,35,10,2",ocr_a_verifier
5211.51.90.00,"with man-made fibres, weighing more than 200 g/m2 - Obtained by wax-based printing process --- Obtained by other printing process 5211.51.90.00 Fe cc eee eal Page 4 of 11","2,4,11",ocr_a_verifier
5407.44.00.00,"78 S : yarn, including woven fabrics obt heading 54.04 — Printed g ained from materials of 5407.44.00.00 35 20 15 35 Woven fabrics of synthetic filament i i : ; :","78,35,20,15,35",ocr_a_verifier
5513.41.00.00,"alah Ret of synthetic staple fibres, containing less than 85 % by weight of such fibres, mainly or solely with cotton, of a weight not exceeding 170 g/m? --- Of polyester staple 5513.41.00.00 35 20 15 35 - fibres, plain ","85,35,20,15,35",ocr_a_verifier
5514.41.00.00,"Woven fabrics of synthetic Staple fibres, containing less than 85 % by weight of such fibres, mixed mainly or solely with cotton, of a weight exceeding 170 g/m? - Of polyester staple fibres, | 5514.41.00.00 35 20 15 35 p","85,35,20,15,35",ocr_a_verifier
6907.10.00.00,"Unglazed ceramic: Tiles, cubes and similar articles, whether or not rectangular, the largest S zi = surface area of which is capable of being enclosed in a square the side of which is less than 6907.10.00.00 20 15 35 we ","20,15,35",ocr_a_verifier
6908.10.00.00,"Glazed ceramic: Tiles, cubes and similar articles, whether or not rectangular, the largest = eS = 88 |surface area of which is capable of being enclosed in a square the side of which is less than 6908.10.00.00 55 26.25 4","88,55",ocr_a_verifier
6910.90.00.00,"ee me lw (ele) | LE 20 | Ceramic sinks, wash basins and similar sanitary fixtures — Other 6910.90.00.00 EO eee eames Gia | Glass of heading 70.03, 70.04 or 70.05, bent, edge-worked, engraved, drilled, enamelled or 7006.0","20,35,20,15,35",ocr_a_verifier
7006.00.00.00,"20 | Ceramic sinks, wash basins and similar sanitary fixtures — Other 6910.90.00.00 EO eee eames Gia | Glass of heading 70.03, 70.04 or 70.05, bent, edge-worked, engraved, drilled, enamelled or 7006.00.00.00 35 20 15 35 ","20,35,20,15,35",ocr_a_verifier
7209.17.00.00,"Flat-rolled products of iron or non-alloy steel, of a width of 600mm or more, cold-rolled (cold reduced), not clad, plated or coated - of a thickness of 0.5 mm or more but not 7209.17.00.00 15 | exceeding 1 mm |","15,1",ocr_a_verifier
7209.27.00.00,] 94 | Of a thickness of 0.5 mm or more but not exceeding 1 mm 7209.27.00.00 a ee ee ] ;,"94,1",ocr_a_verifier
7211.23.00.00,"Flat - rolled products of iron or non - alloy steel, of a width of less than 600mm, not clad, - S 103 |plated or coated - Not further worked than cold-rolled (cold-reduced): Containing by weight |7211.23.00.00 15 10 15 o","15,10,15",ocr_a_verifier
7213.10.00.00,"Bars and rods, hot-rolled, in irregularly wound coils, of iron or non-alloy steel: = = 105 |Containing indentations, gribs, grooves, or other deformations produced during the rolling 7213.10.00.00 45 5 30 35 a= _- 108 jo","45,5,30,35,14",ocr_a_verifier
7213.20.90.00,"105 |Containing indentations, gribs, grooves, or other deformations produced during the rolling 7213.10.00.00 45 5 30 35 a= _- 108 jot of diameter exceeding 5.5mm but less than 14mm 7213.20.90.00 oe i ae ) <<< | w SS =) ","45,5,30,35,14",ocr_a_verifier
7213.91.10.00,w SS =) ; Of a diameter not exceeding 5.5mm 7213.91.10.00 Oe a ae — = Pr) L <,,ocr_a_verifier
7213.91.90.00,"L < 108) Other exceeding 5.5mm, but less than 14mm 7213.91.90.00 a ae",14,ocr_a_verifier
7214.10.00.00,"a ae Other bars and rods of iron or non-alloy steel, not further worked than forged, hot-rolled, 7214.10.00.00 45 20 25 45 hot-drawn or hot-extruded, but including those twisted after rolling - Forged","45,20,25,45",ocr_a_verifier
7214.20.00.00,"hot-drawn or hot-extruded, but including those twisted after rolling - Forged Containing indentations, ribs, grooves or other deformations produced during the rolling 7214.20.00.00 Resa lee es) | process or twisted after",,ocr_a_verifier
7214.91.00.00,process or twisted after rolling... 113) Of rectangular (other than square) cross-section... 7214.91.00.00 Page 6 of 11,"6,11",ocr_a_verifier
7217.10.10.00,118 |Wi i ‘ 118] ire of iron or non-alloy steel — Of a diameter not exceeding 5.5mm 7217.10.10.00 es Cae 119 i,,ocr_a_verifier
7229.20.00.00,"ea <— 124 |Wire of other alloy steel - Of silicon manganese steel 7229.20.00.00 Bs 10 35 anne gees Cea Containers for compressed or liquified gas, of iron or steel 7311.00.00.00 a : =","10,35",ocr_a_verifier
7311.00.00.00,"124 |Wire of other alloy steel - Of silicon manganese steel 7229.20.00.00 Bs 10 35 anne gees Cea Containers for compressed or liquified gas, of iron or steel 7311.00.00.00 a : = 427 Barbed wire of iron or steel: twisted ","10,35",ocr_a_verifier
7313.00.00.00,"Containers for compressed or liquified gas, of iron or steel 7311.00.00.00 a : = 427 Barbed wire of iron or steel: twisted hoop or single flat wire, barbed or not and loosely twisted 7313.00.00.00 oe ea double, of a kind",,ocr_a_verifier
7314.20.00.00,"double, of a kind used for fencing of iron or steel Grill, netting and fencing, welded at the intersection of wire with a maximum cross-section 7314.20.00.00 zg eo a Ve ao | dimension of 3mm or more and having a mesh siz",3,ocr_a_verifier
7314.31.00.00,"dimension of 3mm or more and having a mesh size of 100cm* or more 129 Other Grill, netting and fencing, welded at the intersection: plaited or coated with zinc 7314.31.00.00 131] Other cloth, grilled, netting and fencing",3,ocr_a_verifier
7323.92.00.00,"134 |wool; pot scourers and scouring efi ate creo Of iron or steel; iron or steel Other: of cast iron, enamelled ing pads, gloves and the like, of iron or steel - | 7323.92.00.00 20 35 55 Of stainless steel!","20,35,55",ocr_a_verifier
7413.00.00.00,"Stranded wire, cabl i ’ es, plaited bands and the like, of copper, not electrically insulated... | 7413.00.00.00 138 other articles of nickel: Cloth, grill and netting, of nickel wire 7508.10.00.00",,ocr_a_verifier
7508.10.00.00,"’ es, plaited bands and the like, of copper, not electrically insulated... | 7413.00.00.00 138 other articles of nickel: Cloth, grill and netting, of nickel wire 7508.10.00.00 | 140 |Hotow profiles 7604.21.00.00 ie 08 | ",08,ocr_a_verifier
7604.21.00.00,"138 other articles of nickel: Cloth, grill and netting, of nickel wire 7508.10.00.00 | 140 |Hotow profiles 7604.21.00.00 ie 08 | 18.75 28.75 beer | 2 (","08,2",ocr_a_verifier
7606.11.10.00,"beer | 2 ( ee es plates, sheets and strips, of a thickness exceeding 0.2mm - not alloyed- 7606.11.10.00 3 o ts: 3 Corrugated... o","2,3,3",ocr_a_verifier
7606.91.91.00,"= & 145 | — Painted, coated or varnished 7606.91.91.00 ec ec tte eee a NE ces ; rns et weno [ = [stot = | fe eal |",,ocr_a_verifier
8309.10.10.00,"Stoppers, caps and lids (including crown corks, screws, caps and pour capsules for bullets, threaded bungs, bung covers, seals and other packing accessories,| 8309.10.10.00 10 50 of base metal: For pharmaceutical industr","10,50",ocr_a_verifier
8309.90.10.00,ea EH | 152) Other: For pharmaceutical industry 8309.90.10.00 | so | 10 | 4 | : ;|,"10,4",ocr_a_verifier
8443.12.00.00,Side not exceeding 36cm in the unfolded at Morten REY 155 |-- sie es State) 8443.12.00.00 5 Other: Printers/Printing Machines 10,"36,5,10",ocr_a_verifier
8502.11.90.00,"iesel or semi- | : j 75 kVa -Other (Soundproof) i-diesel engines): of an output not exceeding | 8502.11.90.00 35 aici onmetetele[ = | [g,","75,35",ocr_a_verifier
8502.12.90.00,aw 161 of an output exceeding 75 Kva but not exceeding 375 kVA - Other (Soundproof) 8502.12.90.00 Bae re S oa i} = aa,75,ocr_a_verifier
8502.13.90.00,me f 16301 an output exceeding 375 kVA - Other (Soundproof) 8502.13.90.00 (easel eae oe =: a ac oO,,ocr_a_verifier
8502.20.90.00,",e5 | Generating sets with spark-ignition internal combustion piston engines - Other (Soundproof) 8502.20.90.00 ae | | = = a as = =",5,ocr_a_verifier
8507.10.00.00,"soe ee mate is | lS Electric accumulators, including separators thereof, whether or not rectangular 8507.10.00.00 fajale| = | Aci, (including square) - Lead-acid, of a kind used for starting piston engines",,ocr_a_verifier
8519.81.10.00,"15 | 169 _—-Portable multimedia player: |-Pod, MP3 Player 8519.81.10.00 Meee ee —-DVD player/recorder","15,3",ocr_a_verifier
8525.60.00.00,"-Transmission i i apparatus incorporating reception apparatus: Decoders/Signal receivers 8525.60.00.00 AO 8, |e | ae 176 |—Other. isi j ;",8,ocr_a_verifier
8528.71.90.00,"Monitor and projectors, not incorporating television reception apparatus: reception apparatus 177 \for television, whether Or not incorporating radio-broadcast receivers or sound or video} 8528.71.90.00 35 20 15 35 recor","35,20,15,35",ocr_a_verifier
8544.70.00.00,"=a 180 |-Optical fibre cables 8544.70.00.00 40 35 as eae, o2 ar","40,35,2",ocr_a_verifier
8703.21.19.00,o2 ar 4181 Other including fully built units. - Of a cylinder capacity exceeding 1000cc but not exceeding 8703.21.19.00 70 f= CG <= 1500cc. New passenger motor vehicle — Four- wheel drive vehicle 2°: ieee,"2,70,2",ocr_a_verifier
8703.22.19.19,1500cc. New passenger motor vehicle — Four- wheel drive vehicle 2°: ieee | 182 [other including fully built units —-—-passenger motor vehicle 8703.22.19.19 a a 2 | a = = = = .,"2,2",ocr_a_verifier
8703.31.20.00,185 | 3000cc - : otor vehicle - of a cylinder capacity exceeding 1500cc but not 8703.31.20.00 35 20 20 40 Other used passenger m y,"35,20,20,40",ocr_a_verifier
8708.30.00.00,eS exceeding 2500cc 3 187 Parts and accessories of motor vehicles of 87.01 to 87.05 - Brakes and servo - brakes; 8708.30.00.00 25 35 thereof,"3,25,35",ocr_a_verifier
9018.31.00.00,"il instruments. — Syringes, wi 1 Ser electro-medical a ree , See ene Sutinges, with or without needles Pparatus and sight testing | 9018.31.00.00 | 70 70 194 . , Liquid or electricity supply or producti","1,70,70",ocr_a_verifier
