sn,code,droit_cet,iat,total,note
1,3004.20.00.00,0,20,20,
2,3004.40.00.00,0,20,20,
3,3004.50.00.00,0,20,20,
4,3004.60.00.00,0,20,20,
5,1006.30.10.00,10,37.5,47.5,
6,1006.30.90.00,10,37.5,47.5,
7,1006.40.00.00,10,20,30,
8,1101.00.00.00,20,50,70,
9,1511.10.00.00,10,18.75,28.75,
10,1511.90.10.00,10,25,35,
11,1517.10.00.00,20,20,40,
12,1701.12.00.00,20,37.5,57.5,
13,1701.13.00.00,10,45,55,
14,1701.91.10.00,20,37.5,57.5,
15,1701.91.90.00,20,37.5,57.5,
16,1701.99.10.00,20,37.5,57.5,
17,1701.99.90.00,20,37.5,57.5,
18,1901.90.30.00,5,25,30,
19,1902.19.00.00,20,10,30,
20,1902.30.00.00,20,10,30,
21,2002.90.11.00,10,20,30,
22,2002.90.19.00,10,20,30,
23,2103.20.00.00,20,10,30,
24,2103.90.99.00,20,30,50,
25,2207.10.10.00,10,10,20,
26,2207.20.00.00,10,15,25,
27,2501.00.20.00,10,45,55,
28,2523.10.00.00,10,40,50,
29,2523.29.00.00,20,30,50,
30,2710.19.32.00,10,20,30,
31,2710.19.33.00,10,20,30,
32,2710.19.39.10,10,20,30,
33,2710.19.39.90,10,20,30,
34,2833.22.00.00,5,48.75,53.75,
35,2833.30.00.00,5,48.75,53.75,
36,2836.50.00.00,5,35,40,
37,3206.49.90.00,10,30,40,
38,3208.10.00.00,20,15,35,
39,3402.31.90.00,20,15,35,
40,3901.10.00.00,5,5,10,
41,3901.20.00.00,5,5,10,
42,3902.10.00.00,5,5,10,
43,3906.90.00.00,5,15,20,
44,3907.50.00.00,5,15,20,
45,3907.61.00.00,5,15,20,
46,3907.69.00.00,5,15,20,
47,3907.91.00.00,5,5,10,
48,3907.99.00.00,5,5,10,
49,3909.20.00.00,5,5,10,
50,3909.39.00.00,5,5,10,
51,3920.10.10.00,10,30,40,
52,3920.10.20.00,20,30,50,
53,3920.20.10.00,10,25,35,
54,3920.20.20.00,20,30,50,
55,3920.30.10.00,10,15,25,
56,3920.30.20.00,20,30,50,
57,3920.62.00.00,10,20,30,
58,3920.69.00.00,10,20,30,
59,4202.11.90.00,20,25,45,
60,4202.12.90.00,20,25,45,
61,4418.29.00.00,20,35,55,
62,4802.56.90.00,20,5,25,
63,4802.58.00.00,5,20,25,
64,4805.11.00.00,5,10,15,
65,4805.12.00.00,5,10,15,
66,4805.19.00.00,5,10,15,
67,4805.24.00.00,5,10,15,
68,4805.25.00.00,5,10,15,
69,4817.10.00.00,20,20,40,
70,4820.10.00.00,20,10,30,
71,4821.10.00.00,10,50,60,
72,5208.51.10.00,35,10,45,
73,5209.51.10.00,35,10,45,
74,5210.51.10.00,35,10,45,
75,5210.51.90.00,35,10,45,
76,5211.51.10.00,35,10,45,
77,5211.51.90.00,35,10,45,
78,5407.44.00.00,20,15,35,
79,5408.24.00.00,20,15,35,
80,5513.41.00.00,20,15,35,
81,5514.41.00.00,20,15,35,
82,5607.41.00.00,10,10,20,
83,5607.49.00.00,10,10,20,
84,5607.50.00.00,10,10,20,
85,5607.90.00.00,10,10,20,
86,6907.40.00.00,20,15,35,
87,6907.90.00.00,20,15,35,
88,6914.10.00.00,20,26.25,46.25,
89,6914.90.00.00,20,15,35,
90,6910.90.00.00,20,20,40,
91,7006.00.00.00,20,15,35,
92,7209.17.00.00,5,10,15,
93,7209.18.00.00,5,15,20,
94,7209.27.00.00,10,10,20,
95,7209.28.00.00,10,10,20,
96,7210.30.00.00,5,30,35,
97,7210.49.10.00,5,30,35,
98,7210.49.90.00,20,18.75,38.75,
99,7210.61.10.00,5,30,35,
100,7210.61.90.00,20,25,45,
101,7210.69.10.00,5,40,45,
102,7210.69.90.00,20,25,45,
103,7211.23.00.00,5,10,15,
104,7211.29.00.00,5,10,15,
105,7213.10.00.00,5,30,35,
106,7213.20.90.00,5,30,35,
107,7213.91.10.00,5,10,15,
108,7213.91.90.00,5,30,35,
109,7213.99.00.00,5,30,35,
110,7214.10.00.00,20,25,45,
111,7214.20.00.00,20,25,45,
112,7214.30.00.00,20,25,45,
113,7214.91.00.00,20,25,45,
114,7214.99.00.00,20,25,45,
115,7215.10.00.00,20,25,45,
116,7215.50.00.00,20,25,45,
117,7215.90.00.00,20,25,45,illisible dans la Gazette (bas de page coupé) : valeur de la circulaire du 1er avril 2026
118,7217.10.10.00,10,10,20,
119,7217.10.90.00,10,35,45,
120,7217.20.90.00,10,35,45,
121,7217.30.90.00,10,35,45,
122,7217.90.90.00,10,35,45,
123,7228.10.00.00,20,25,45,
124,7229.20.00.00,10,35,45,
125,7229.90.00.00,10,35,45,
126,7311.00.00.00,20,40,60,
127,7313.00.00.00,20,10,30,
128,7314.20.00.00,20,10,30,
129,7314.31.00.00,20,10,30,
130,7314.39.00.00,20,10,30,
131,7314.41.00.00,20,10,30,
132,7314.42.00.00,20,10,30,
133,7314.49.00.00,20,10,30,
134,7323.92.00.00,20,35,55,
135,7323.93.00.00,20,35,55,
136,7323.94.00.00,20,35,55,
137,7413.00.00.00,20,15,35,
138,7508.10.00.00,20,10,30,
139,7603.10.00.00,5,22.5,27.5,
140,7604.21.00.00,10,18.75,28.75,
141,7604.29.00.00,10,18.75,28.75,
142,7606.11.10.00,20,15,35,
143,7606.12.10.00,20,15,35,
144,7606.91.10.00,20,15,35,
145,7606.91.91.00,5,30,35,
146,7606.92.10.00,20,15,35,
147,7606.92.91.00,5,30,35,
148,7606.92.99.00,5,30,35,
149,7612.90.10.00,10,20,30,
150,8309.10.10.00,10,40,50,
151,8309.10.90.00,10,40,50,
152,8309.90.10.00,10,40,50,
153,8442.50.00.00,5,5,10,
154,8443.12.00.00,5,5,10,
155,8443.39.90.00,5,5,10,
156,8471.50.90.00,5,5,10,
157,8471.70.90.00,5,5,10,
158,8451.29.00.00,5,15,20,
159,8502.11.90.00,5,35,40,
160,8502.11.90.00,5,15,20,
161,8502.12.90.00,5,35,40,
162,8502.12.90.00,5,15,20,
163,8502.13.90.00,5,35,40,
164,8502.13.90.00,5,15,20,
165,8502.20.90.00,5,35,40,
166,8502.20.90.00,5,15,20,
167,8507.10.00.00,20,40,60,
168,8517.11.00.00,10,5,15,
169,8519.81.10.00,20,5,25,
170,8521.90.10.00,20,5,25,
171,8523.21.10.00,20,35,55,
172,8523.52.00.00,20,35,55,
173,8523.80.00.00,20,5,25,
174,8527.19.90.00,20,5,25,
175,8525.60.00.00,5,5,10,
176,8528.49.00.00,20,5,25,
177,8528.71.90.00,20,15,35,
178,8528.72.90.00,20,15,35,
179,8528.73.90.00,20,15,35,
180,8544.70.00.00,5,35,40,
181,8703.21.19.00,20,10,30,
182,8703.22.19.00,20,10,30,
183,8703.22.20.00,20,10,30,
184,8703.23.20.00,20,10,30,
185,8703.24.20.00,20,10,30,
186,8703.31.20.00,20,10,30,
187,8708.30.00.00,10,25,35,
188,8903.92.00.00,20,50,70,
189,8903.99.00.00,20,50,70,
190,9018.31.00.00,5,65,70,
191,9028.30.00.00,10,35,45,
192,9028.90.00.00,5,5,10,
