chapitre_HS,taux,nb_lignes
01,Free,34
02,35%,66
03,25%,220
03,Free,3
03,25% 5% 70% 95% 80%,1
04,35%,14
04,5%,7
04,15%,7
04,Free,2
04,1% 35%,1
04,1% 6% 35%,1
05,15%,8
05,35%,5
05,Free,2
05,Free 3%,1
06,5%,16
07,15%,59
07,35%,6
07,Free,1
07,25%,1
08,25%,68
09,25%,37
09,Free,2
10,5%,18
10,Free,8
10,5% 45% 80% 45% 3% 80% 45% 5% 80% 45% 2% 90% 45% 80% 45% 4% 80% 95% 95%,1
11,15%,21
11,5%,6
11,Free,1
11,15% 2%,1
12,Free,37
12,5%,5
12,25%,2
12,15%,2
12,35%,2
12,Free 10% 50%,1
13,15%,8
13,Free,2
13,Prohibited,1
13,25%,1
14,15%,3
14,Free,1
14,5% 15%,1
15,15%,78
15,5%,14
15,15% 15%,1
15,5% 3% 20%,1
16,35%,42
17,35%,7
17,Free,7
17,99% Free,1
17,20% Free,1
17,20% 50% Free,1
17,50% Free,1
18,35%,6
18,25%,4
18,Free,2
18,35% 20% 6% 40%,1
19,25%,13
19,35%,4
19,5%,2
19,15%,1
19,Free,1
19,35% 20% 7%,1
20,35%,52
20,25%,9
20,35% 20%,1
21,35%,12
21,5%,4
21,15%,2
21,Free,1
21,35% 10%,1
22,35%,17
22,15%,2
22,25%,2
22,5%,1
22,7% 35% 35% 80%,1
22,80% 35%,1
22,35% 80%,1
22,7% 35%,1
23,Free,24
23,35%,1
24,35%,6
24,25%,3
24,35% 70%,1
25,Free,54
25,35%,5
25,5%,5
25,15%,2
25,25%,2
25,97% Free,2
25,85% Free,1
26,Free,36
26,Free 60% 14% 50% 90%,1
27,Free,28
27,5%,19
27,15%,5
27,Free 70%,2
27,65% Free,1
27,Free 15%,1
28,5%,160
28,Free,7
28,15%,5
28,(*) 5%,1
28,5% 70%,1
28,,1
29,5%,356
29,Free,47
29,15%,1
30,5%,32
30,Free,13
30,25%,2
30,35%,1
31,Free,23
31,Free 50%,1
32,5%,32
32,15%,9
32,35%,7
32,80% 5%,1
33,25%,21
33,15%,12
33,Free,2
34,15%,12
34,35%,6
34,5%,5
34,15% 70%,1
34,25%,1
35,15%,11
35,5%,2
35,Free,1
35,15% 80%,1
36,35%,5
36,5%,3
37,15%,22
37,25%,6
37,Free,2
37,5%,1
38,5%,61
38,Free,16
38,25%,11
38,35%,9
38,15%,1
38,70% 5%,1
38,70% Free 60% 95%,1
39,5%,96
39,15%,31
39,35%,22
39,25%,11
39,Free,2
39,15% 6%,1
39,5% 15%,1
40,5%,28
40,35%,26
40,15%,14
40,Free,9
40,25%,7
41,Free,37
42,25%,20
43,15%,11
43,15% 3%,1
44,Free,52
44,15%,26
44,35%,24
44,5%,3
45,5%,4
45,15%,3
46,15%,7
46,25%,3
46,25% 92% 88% 18%,1
47,Free,20
47,Free 50% 10% 8% 3% 60% 3% 8% 3% 60% 60% 60% 80% 80% 80% 2% 65% 50% 50% 40% 8%,1
48,5%,44
48,35%,26
48,15%,22
48,25%,3
48,5% 10%,2
48,95% 5%,2
48,15% 10%,2
48,95% 15%,2
48,Free,1
49,5%,11
49,35%,4
49,25%,3
49,Free,2
49,15%,1
50,Free,3
50,5%,3
50,25%,2
50,85% 25%,1
51,Free,18
51,25%,10
51,85% 5%,5
51,5%,3
51,5% 85%,1
51,25% 85%,1
52,25%,54
52,5%,45
52,15%,14
52,Free,5
52,85% 5%,2
52,5% 85%,2
52,25% 85%,2
53,Free,9
53,5%,6
53,15%,6
53,25%,5
53,5% 85%,1
53,25% 85%,1
54,Free,35
54,25%,28
54,15%,16
54,25% 85%,6
54,5%,2
55,25%,50
55,Free,42
55,15%,28
55,25% 85%,7
55,Free 85%,4
55,85% 15%,2
55,5%,1
55,5% 85%,1
55,15% 85% 85%,1
55,25% 50%,1
56,15%,21
56,5%,8
56,Free,3
57,35%,22
58,25%,34
58,25% 25%,1
58,15%,1
58,Free,1
58,5% 25%,1
58,25% 50%,1
59,5%,13
59,15%,12
60,25%,44
60,15%,9
61,35%,106
62,35%,110
62,15%,2
63,35%,49
63,Free,3
63,Prohibited,3
64,35%,22
64,5%,3
65,35%,7
65,Free,1
65,15%,1
66,35%,6
66,25%,1
66,15%,1
67,35%,8
68,35%,33
68,15%,13
68,25%,2
68,5%,1
69,35%,19
69,5%,6
69,50% 5%,4
69,15%,1
69,35% 60% 60% 5% 2%,1
70,35%,33
70,15%,23
70,5%,5
70,25%,4
70,Free,4
70,15% (*) 2% 2% 2% 2% 90%,1
71,35%,49
71,5%,2
71,Free,1
71,Free 90% 2% 10% 6% 3% 8% 10% 6% 30% 4% 10% 30% 3% 8% 10% 10% 2% 90% 90% 6% 1% 7% 6% 10%,1
72,15%,72
72,Free,45
72,5%,21
72,35%,15
72,25%,14
72,2% Free,1
72,55% Free,1
72,4% Free,1
73,15%,58
73,25%,35
73,35%,25
73,Free,11
73,5%,4
73,35% 10% 15% 5% 3% 3% 5% 1%,1
74,15%,20
74,Free,13
74,5%,11
74,35%,4
74,25%,2
74,35% 99%,1
75,15%,7
75,Free,6
75,5%,2
75,35%,1
75,35% 99%,1
76,15%,11
76,25%,10
76,5%,9
76,35%,7
76,Free,5
78,Free,5
78,5%,1
78,15%,1
78,25% 80% 85%,1
79,Free,6
79,15%,2
79,25% 99%,1
80,Free,3
80,15%,1
80,25%,1
81,Free,27
81,25%,12
81,15%,5
81,5%,4
82,25%,20
82,5%,16
82,35%,16
82,15%,13
83,35%,15
83,15%,13
83,25%,4
83,5%,4
83,25% 1%,1
84,Free,290
84,5%,148
84,15%,68
84,25%,40
84,35%,11
85,15%,112
85,5%,88
85,25%,74
85,35%,48
85,Free,36
86,Free,22
86,15%,1
87,25%,120
87,15%,104
87,Free,71
87,5%,62
87,35%,54
87,35% 35%,4
87,25% 25%,2
88,Free,15
89,Free,10
89,5%,8
90,Free,58
90,15%,43
90,5%,22
90,35%,22
90,25%,7
91,35%,49
92,15%,17
93,35%,14
93,Free,4
94,35%,27
94,15%,10
94,25%,9
94,5%,6
94,Free,3
95,15%,17
95,35%,14
95,5%,1
96,35%,29
96,15%,20
96,25%,1
97,15%,7
